{
  "generatedAt": "2026-05-06T17:34:36.445Z",
  "benchRunId": "20260506-162133",
  "baseRunId": "20260506-084452",
  "cycles": 5,
  "results": {
    "update-1": {
      "fee": {
        "samples": [
          770838,
          769796,
          769796,
          769796,
          769796
        ],
        "count": 5,
        "avgLovelace": 770004,
        "avgAda": "0.770004",
        "minLovelace": 769796,
        "maxLovelace": 770838
      },
      "cpu": {
        "samples": [
          801277294,
          797698104,
          797698104,
          797698104,
          797698104
        ],
        "avg": 798413942,
        "min": 797698104,
        "max": 801277294
      },
      "mem": {
        "samples": [
          2091224,
          2077630,
          2077630,
          2077630,
          2077630
        ],
        "avg": 2080349,
        "min": 2077630,
        "max": 2091224
      }
    },
    "batch-1": {
      "fee": {
        "samples": [
          781184,
          781184,
          781184,
          781184,
          781184
        ],
        "count": 5,
        "avgLovelace": 781184,
        "avgAda": "0.781184",
        "minLovelace": 781184,
        "maxLovelace": 781184
      },
      "cpu": {
        "samples": [
          838177015,
          838177015,
          838177015,
          838177015,
          838177015
        ],
        "avg": 838177015,
        "min": 838177015,
        "max": 838177015
      },
      "mem": {
        "samples": [
          2222901,
          2222901,
          2222901,
          2222901,
          2222901
        ],
        "avg": 2222901,
        "min": 2222901,
        "max": 2222901
      }
    },
    "batch-2": {
      "fee": {
        "samples": [
          1009286,
          1009669,
          1009669,
          1009669,
          1009669
        ],
        "count": 5,
        "avgLovelace": 1009592,
        "avgAda": "1.009592",
        "minLovelace": 1009286,
        "maxLovelace": 1009669
      },
      "cpu": {
        "samples": [
          1509146653,
          1509072389,
          1509072389,
          1509072389,
          1509072389
        ],
        "avg": 1509087242,
        "min": 1509072389,
        "max": 1509146653
      },
      "mem": {
        "samples": [
          3917200,
          3923918,
          3923918,
          3923918,
          3923918
        ],
        "avg": 3922574,
        "min": 3917200,
        "max": 3923918
      }
    },
    "batch-3": {
      "fee": {
        "samples": [
          1262758,
          1263036,
          1263036,
          1262758,
          1262758
        ],
        "count": 5,
        "avgLovelace": 1262869,
        "avgAda": "1.262869",
        "minLovelace": 1262758,
        "maxLovelace": 1263036
      },
      "cpu": {
        "samples": [
          2276812046,
          2280539764,
          2280539764,
          2276812046,
          2276812046
        ],
        "avg": 2278303133,
        "min": 2276812046,
        "max": 2280539764
      },
      "mem": {
        "samples": [
          5936451,
          5936609,
          5936609,
          5936451,
          5936451
        ],
        "avg": 5936514,
        "min": 5936451,
        "max": 5936609
      }
    },
    "batch-4": {
      "fee": {
        "samples": [
          1542951,
          1542169,
          1542951,
          1542169,
          1542951
        ],
        "count": 5,
        "avgLovelace": 1542638,
        "avgAda": "1.542638",
        "minLovelace": 1542169,
        "maxLovelace": 1542951
      },
      "cpu": {
        "samples": [
          3152703454,
          3146016494,
          3152703454,
          3146016494,
          3152703454
        ],
        "avg": 3150028670,
        "min": 3146016494,
        "max": 3152703454
      },
      "mem": {
        "samples": [
          8282052,
          8276866,
          8282052,
          8276866,
          8282052
        ],
        "avg": 8279978,
        "min": 8276866,
        "max": 8282052
      }
    },
    "batch-5": {
      "fee": {
        "samples": [
          1847375,
          1847375,
          1847375,
          1847375,
          1848895
        ],
        "count": 5,
        "avgLovelace": 1847679,
        "avgAda": "1.847679",
        "minLovelace": 1847375,
        "maxLovelace": 1848895
      },
      "cpu": {
        "samples": [
          4115123756,
          4115123756,
          4115123756,
          4115123756,
          4125811276
        ],
        "avg": 4117261260,
        "min": 4115123756,
        "max": 4125811276
      },
      "mem": {
        "samples": [
          10941005,
          10941005,
          10941005,
          10941005,
          10953991
        ],
        "avg": 10943602,
        "min": 10941005,
        "max": 10953991
      }
    },
    "batch-6": {
      "fee": {
        "samples": [
          2186857,
          2186857,
          2184755,
          2184755,
          2186857
        ],
        "count": 5,
        "avgLovelace": 2186016,
        "avgAda": "2.186016",
        "minLovelace": 2184755,
        "maxLovelace": 2186857
      },
      "cpu": {
        "samples": [
          5199169018,
          5199169018,
          5185175150,
          5185175150,
          5199169018
        ],
        "avg": 5193571471,
        "min": 5185175150,
        "max": 5199169018
      },
      "mem": {
        "samples": [
          13950578,
          13950578,
          13931640,
          13931640,
          13950578
        ],
        "avg": 13943003,
        "min": 13931640,
        "max": 13950578
      }
    }
  }
}
